,State_Name,ind_district,Crop_Year,Season,Crop,Area,Production,Value,X1,X2
2,Chandigarh,chandigarh,2004,kharif,Rice,80,400.0,5.0,500.0,700.0
3,Chandigarh,chandigarh,2005,kharif,Rice,50,250.0,5.0,400.0,500.0
4,Chandigarh,chandigarh,2006,kharif,Rice,50,250.0,5.0,250.0,400.0
5,Chandigarh,chandigarh,2007,kharif,Rice,50,250.0,5.0,250.0,250.0
6,Chandigarh,chandigarh,2008,kharif,Rice,20,100.0,5.0,250.0,250.0
7,Chandigarh,chandigarh,2009,kharif,Rice,20,100.0,5.0,100.0,250.0
8,Chandigarh,chandigarh,2010,kharif,Rice,20,103.0,5.15,100.0,100.0
11,Haryana,ambala,2004,kharif,Rice,73580,233000.0,3.166621365,227000.0,183000.0
12,Haryana,ambala,2005,kharif,Rice,76540,254000.0,3.318526261,233000.0,227000.0
13,Haryana,ambala,2006,kharif,Rice,75737,261000.0,3.446135971,254000.0,233000.0
14,Haryana,ambala,2007,kharif,Rice,75164,277000.0,3.685274866,261000.0,254000.0
15,Haryana,ambala,2008,kharif,Rice,81002,267000.0,3.296214908,277000.0,261000.0
16,Haryana,ambala,2009,kharif,Rice,82283,306000.0,3.718872671,267000.0,277000.0
17,Haryana,ambala,2010,kharif,Rice,81869,282000.0,3.444527233,306000.0,267000.0
20,Haryana,bhiwani,2004,kharif,Rice,11412,14000.0,1.226778829,23000.0,19000.0
21,Haryana,bhiwani,2005,kharif,Rice,12526,25000.0,1.995848635,14000.0,23000.0
22,Haryana,bhiwani,2006,kharif,Rice,13666,26000.0,1.902531831,25000.0,14000.0
23,Haryana,bhiwani,2007,kharif,Rice,14818,40000.0,2.699419625,26000.0,25000.0
24,Haryana,bhiwani,2008,kharif,Rice,21217,45000.0,2.120940755,40000.0,26000.0
25,Haryana,bhiwani,2009,kharif,Rice,19028,44000.0,2.312381753,45000.0,40000.0
26,Haryana,bhiwani,2010,kharif,Rice,21314,44000.0,2.064370836,44000.0,45000.0
29,Haryana,faridabad,2004,kharif,Rice,28255,68000.0,2.40665369,78000.0,48000.0
30,Haryana,faridabad,2005,kharif,Rice,26376,70000.0,2.653927813,68000.0,78000.0
31,Haryana,faridabad,2006,kharif,Rice,27360,84000.0,3.070175439,70000.0,68000.0
32,Haryana,faridabad,2007,kharif,Rice,29214,94000.0,3.21763538,84000.0,70000.0
33,Haryana,faridabad,2008,kharif,Rice,8447,22000.0,2.604474962,94000.0,84000.0
34,Haryana,faridabad,2009,kharif,Rice,9560,24000.0,2.510460251,22000.0,94000.0
35,Haryana,faridabad,2010,kharif,Rice,9550,18000.0,1.884816754,24000.0,22000.0
38,Haryana,gurgaon,2004,kharif,Rice,6252,18000.0,2.879078695,19000.0,8000.0
39,Haryana,gurgaon,2005,kharif,Rice,2197,6000.0,2.730996814,18000.0,19000.0
40,Haryana,gurgaon,2006,kharif,Rice,2322,6000.0,2.583979328,6000.0,18000.0
41,Haryana,gurgaon,2007,kharif,Rice,2615,10000.0,3.824091778,6000.0,6000.0
42,Haryana,gurgaon,2008,kharif,Rice,3457,8000.0,2.314145213,10000.0,6000.0
43,Haryana,gurgaon,2009,kharif,Rice,4425,14000.0,3.163841808,8000.0,10000.0
44,Haryana,gurgaon,2010,kharif,Rice,5151,14000.0,2.717918851,14000.0,8000.0
47,Haryana,hissar,2004,kharif,Rice,28281,63000.0,2.227644001,68000.0,41000.0
48,Haryana,hissar,2005,kharif,Rice,35448,87000.0,2.454299255,63000.0,68000.0
49,Haryana,hissar,2006,kharif,Rice,35283,94000.0,2.664172548,87000.0,63000.0
50,Haryana,hissar,2007,kharif,Rice,37626,99000.0,2.631159305,94000.0,87000.0
51,Haryana,hissar,2008,kharif,Rice,48567,132000.0,2.717894867,99000.0,94000.0
52,Haryana,hissar,2009,kharif,Rice,43250,94000.0,2.173410405,132000.0,99000.0
53,Haryana,hissar,2010,kharif,Rice,44733,113000.0,2.5260993,94000.0,132000.0
56,Haryana,jind,2004,kharif,Rice,90894,201000.0,2.211367087,218000.0,130000.0
57,Haryana,jind,2005,kharif,Rice,96708,258000.0,2.667824792,201000.0,218000.0
58,Haryana,jind,2006,kharif,Rice,93719,248000.0,2.646208346,258000.0,201000.0
59,Haryana,jind,2007,kharif,Rice,95256,249000.0,2.614008566,248000.0,258000.0
60,Haryana,jind,2008,kharif,Rice,106846,250000.0,2.339816184,249000.0,248000.0
61,Haryana,jind,2009,kharif,Rice,108272,296000.0,2.733855475,250000.0,249000.0
62,Haryana,jind,2010,kharif,Rice,113883,284000.0,2.493787484,296000.0,250000.0
65,Haryana,kaithal,2004,kharif,Rice,152637,399000.0,2.614045087,388000.0,444000.0
66,Haryana,kaithal,2005,kharif,Rice,150621,477000.0,3.166889079,399000.0,388000.0
67,Haryana,kaithal,2006,kharif,Rice,150635,473000.0,3.140040495,477000.0,399000.0
68,Haryana,kaithal,2007,kharif,Rice,152110,513000.0,3.372559332,473000.0,477000.0
69,Haryana,kaithal,2008,kharif,Rice,156311,391000.0,2.501423444,513000.0,473000.0
70,Haryana,kaithal,2009,kharif,Rice,158348,462000.0,2.917624473,391000.0,513000.0
71,Haryana,kaithal,2010,kharif,Rice,158671,436000.0,2.747824114,462000.0,391000.0
74,Haryana,karnal,2004,kharif,Rice,167405,567000.0,3.386995609,499000.0,426000.0
75,Haryana,karnal,2005,kharif,Rice,169130,521000.0,3.080470644,567000.0,499000.0
76,Haryana,karnal,2006,kharif,Rice,166200,553000.0,3.327316486,521000.0,567000.0
77,Haryana,karnal,2007,kharif,Rice,167149,610000.0,3.649438525,553000.0,521000.0
78,Haryana,karnal,2008,kharif,Rice,169034,465000.0,2.750925849,610000.0,553000.0
79,Haryana,karnal,2009,kharif,Rice,171517,521000.0,3.037599771,465000.0,610000.0
80,Haryana,karnal,2010,kharif,Rice,172698,461000.0,2.669399761,521000.0,465000.0
83,Haryana,kurukshetra,2004,kharif,Rice,121844,468000.0,3.840976987,348000.0,371000.0
84,Haryana,kurukshetra,2005,kharif,Rice,110791,416000.0,3.75481763,468000.0,348000.0
85,Haryana,kurukshetra,2006,kharif,Rice,108950,440000.0,4.038549793,416000.0,468000.0
86,Haryana,kurukshetra,2007,kharif,Rice,114536,460000.0,4.016204512,440000.0,416000.0
87,Haryana,kurukshetra,2008,kharif,Rice,121530,408000.0,3.357195754,460000.0,440000.0
88,Haryana,kurukshetra,2009,kharif,Rice,117969,453000.0,3.839991862,408000.0,460000.0
89,Haryana,kurukshetra,2010,kharif,Rice,119783,383000.0,3.19744872,453000.0,408000.0
95,Haryana,mewat,2007,kharif,Rice,8541,22000.0,2.575810795,15000.0,27000.0
96,Haryana,mewat,2008,kharif,Rice,7110,16000.0,2.250351617,22000.0,15000.0
97,Haryana,mewat,2009,kharif,Rice,6050,18000.0,2.975206612,16000.0,22000.0
98,Haryana,mewat,2010,kharif,Rice,6177,17000.0,2.752145054,18000.0,16000.0
101,Haryana,palwal,2010,kharif,Rice,33070,91000.0,2.751738736,85000.0,74000.0
104,Haryana,panipat,2004,kharif,Rice,72281,164000.0,2.268922677,164000.0,161000.0
105,Haryana,panipat,2005,kharif,Rice,70753,181000.0,2.558195412,164000.0,164000.0
106,Haryana,panipat,2006,kharif,Rice,70777,194000.0,2.741003433,181000.0,164000.0
107,Haryana,panipat,2007,kharif,Rice,73632,188000.0,2.553237723,194000.0,181000.0
108,Haryana,panipat,2008,kharif,Rice,77763,169000.0,2.173270064,188000.0,194000.0
109,Haryana,panipat,2009,kharif,Rice,76960,205000.0,2.663721414,169000.0,188000.0
110,Haryana,panipat,2010,kharif,Rice,76905,174000.0,2.262531695,205000.0,169000.0
113,Haryana,rewari,2004,kharif,Rice,475,3000.0,6.315789474,3000.0,0.0
114,Haryana,rewari,2005,kharif,Rice,621,3000.0,4.830917874,3000.0,3000.0
115,Haryana,rewari,2006,kharif,Rice,788,3000.0,3.807106599,3000.0,3000.0
116,Haryana,rewari,2007,kharif,Rice,820,3000.0,3.658536585,3000.0,3000.0
117,Haryana,rewari,2008,kharif,Rice,2066,5000.0,2.420135528,3000.0,3000.0
118,Haryana,rewari,2009,kharif,Rice,2079,5000.0,2.405002405,5000.0,3000.0
119,Haryana,rewari,2010,kharif,Rice,2746,8000.0,2.913328478,5000.0,5000.0
122,Haryana,rohtak,2004,kharif,Rice,15014,26000.0,1.731717064,21000.0,8000.0
123,Haryana,rohtak,2005,kharif,Rice,18006,36000.0,1.999333555,26000.0,21000.0
124,Haryana,rohtak,2006,kharif,Rice,20185,37000.0,1.83304434,36000.0,26000.0
125,Haryana,rohtak,2007,kharif,Rice,23167,52000.0,2.244572021,37000.0,36000.0
126,Haryana,rohtak,2008,kharif,Rice,38439,48000.0,1.248731757,52000.0,37000.0
127,Haryana,rohtak,2009,kharif,Rice,35056,50000.0,1.426289366,48000.0,52000.0
128,Haryana,rohtak,2010,kharif,Rice,39340,59000.0,1.499745806,50000.0,48000.0
131,Haryana,sirsa,2004,kharif,Rice,45729,157000.0,3.433269916,156000.0,145000.0
132,Haryana,sirsa,2005,kharif,Rice,46036,166000.0,3.605873664,157000.0,156000.0
133,Haryana,sirsa,2006,kharif,Rice,46453,175000.0,3.767248617,166000.0,157000.0
134,Haryana,sirsa,2007,kharif,Rice,48268,189000.0,3.91563769,175000.0,166000.0
135,Haryana,sirsa,2008,kharif,Rice,57477,196000.0,3.410059676,189000.0,175000.0
136,Haryana,sirsa,2009,kharif,Rice,61374,204000.0,3.323883078,196000.0,189000.0
137,Haryana,sirsa,2010,kharif,Rice,61372,195000.0,3.177344717,204000.0,196000.0
140,Haryana,sonipat,2004,kharif,Rice,65954,124000.0,1.88009825,149000.0,96000.0
141,Haryana,sonipat,2005,kharif,Rice,71450,167000.0,2.33729881,124000.0,149000.0
142,Haryana,sonipat,2006,kharif,Rice,67865,178000.0,2.622854196,167000.0,124000.0
143,Haryana,sonipat,2007,kharif,Rice,71325,192000.0,2.69190326,178000.0,167000.0
144,Haryana,sonipat,2008,kharif,Rice,92641,186000.0,2.007750348,192000.0,178000.0
145,Haryana,sonipat,2009,kharif,Rice,90214,219000.0,2.427561132,186000.0,192000.0
146,Haryana,sonipat,2010,kharif,Rice,93752,202000.0,2.154620701,219000.0,186000.0
149,Haryana,yamunanagar,2004,kharif,Rice,58720,191000.0,3.252724796,172000.0,151000.0
150,Haryana,yamunanagar,2005,kharif,Rice,59276,200000.0,3.374046832,191000.0,172000.0
151,Haryana,yamunanagar,2006,kharif,Rice,59379,213000.0,3.587126762,200000.0,191000.0
152,Haryana,yamunanagar,2007,kharif,Rice,59305,227000.0,3.827670517,213000.0,200000.0
153,Haryana,yamunanagar,2008,kharif,Rice,71634,221000.0,3.085127174,227000.0,213000.0
154,Haryana,yamunanagar,2009,kharif,Rice,73525,267000.0,3.631417885,221000.0,227000.0
155,Haryana,yamunanagar,2010,kharif,Rice,74578,244000.0,3.271742337,267000.0,221000.0
158,Himachal Pradesh,bilaspur,2004,kharif,Rice,1497,2027.0,1.354041416,2672.0,675.0
159,Himachal Pradesh,bilaspur,2005,kharif,Rice,1416,1937.0,1.367937853,2027.0,2672.0
160,Himachal Pradesh,bilaspur,2006,kharif,Rice,1484,3851.0,2.595013477,1937.0,2027.0
161,Himachal Pradesh,bilaspur,2007,kharif,Rice,2123,4768.0,2.245878474,3851.0,1937.0
162,Himachal Pradesh,bilaspur,2008,kharif,Rice,1560,3257.0,2.087820513,4768.0,3851.0
163,Himachal Pradesh,bilaspur,2010,kharif,Rice,1540,2956.0,1.919480519,3257.0,4768.0
166,Himachal Pradesh,chamba,2004,kharif,Rice,2760,4193.0,1.519202899,4496.0,4996.0
167,Himachal Pradesh,chamba,2005,kharif,Rice,2772,4585.0,1.654040404,4193.0,4496.0
168,Himachal Pradesh,chamba,2006,kharif,Rice,2726,4031.0,1.478723404,4585.0,4193.0
169,Himachal Pradesh,chamba,2007,kharif,Rice,2706,3345.0,1.236141907,4031.0,4585.0
170,Himachal Pradesh,chamba,2008,kharif,Rice,2666,3285.0,1.232183046,3345.0,4031.0
171,Himachal Pradesh,chamba,2010,kharif,Rice,3506,5767.0,1.644894467,3285.0,3345.0
174,Himachal Pradesh,hamirpur,2004,kharif,Rice,2261,2364.0,1.045555064,2833.0,2998.0
175,Himachal Pradesh,hamirpur,2005,kharif,Rice,2421,3253.0,1.343659645,2364.0,2833.0
176,Himachal Pradesh,hamirpur,2006,kharif,Rice,2056,3084.0,1.5,3253.0,2364.0
177,Himachal Pradesh,hamirpur,2007,kharif,Rice,2022,3164.0,1.564787339,3084.0,3253.0
178,Himachal Pradesh,hamirpur,2008,kharif,Rice,1995,2912.0,1.459649123,3164.0,3084.0
179,Himachal Pradesh,hamirpur,2010,kharif,Rice,1908,2870.0,1.504192872,2912.0,3164.0
182,Himachal Pradesh,kangra,2004,kharif,Rice,37079,48680.0,1.312872515,56121.0,34219.0
183,Himachal Pradesh,kangra,2005,kharif,Rice,36961,50934.0,1.378047131,48680.0,56121.0
184,Himachal Pradesh,kangra,2006,kharif,Rice,38279,54148.0,1.414561509,50934.0,48680.0
185,Himachal Pradesh,kangra,2007,kharif,Rice,37121,53986.0,1.454325045,54148.0,50934.0
186,Himachal Pradesh,kangra,2008,kharif,Rice,36855,55836.0,1.515018315,53986.0,54148.0
187,Himachal Pradesh,kangra,2010,kharif,Rice,37611,59209.0,1.574246896,55836.0,53986.0
190,Himachal Pradesh,kinnaur,2004,kharif,Rice,31,43.0,1.387096774,40.0,32.0
191,Himachal Pradesh,kinnaur,2005,kharif,Rice,22,31.0,1.409090909,43.0,40.0
192,Himachal Pradesh,kinnaur,2006,kharif,Rice,28,44.0,1.571428571,31.0,43.0
193,Himachal Pradesh,kinnaur,2007,kharif,Rice,13,20.0,1.538461538,44.0,31.0
194,Himachal Pradesh,kinnaur,2008,kharif,Rice,16,24.0,1.5,20.0,44.0
195,Himachal Pradesh,kinnaur,2010,kharif,Rice,15,25.0,1.666666667,24.0,20.0
198,Himachal Pradesh,kullu,2004,kharif,Rice,1546,2571.0,1.663001294,2046.0,2776.0
199,Himachal Pradesh,kullu,2005,kharif,Rice,1513,1449.0,0.957699934,2571.0,2046.0
200,Himachal Pradesh,kullu,2006,kharif,Rice,1478,1928.0,1.304465494,1449.0,2571.0
201,Himachal Pradesh,kullu,2007,kharif,Rice,1469,1984.0,1.350578625,1928.0,1449.0
202,Himachal Pradesh,kullu,2008,kharif,Rice,1439,1972.0,1.370396108,1984.0,1928.0
203,Himachal Pradesh,kullu,2010,kharif,Rice,1516,1822.0,1.201846966,1972.0,1984.0
206,Himachal Pradesh,mandi,2004,kharif,Rice,20092,25275.0,1.257963369,28981.0,22461.0
207,Himachal Pradesh,mandi,2005,kharif,Rice,20276,29167.0,1.438498718,25275.0,28981.0
208,Himachal Pradesh,mandi,2006,kharif,Rice,19566,27068.0,1.383420219,29167.0,25275.0
209,Himachal Pradesh,mandi,2007,kharif,Rice,19469,25002.0,1.284195388,27068.0,29167.0
210,Himachal Pradesh,mandi,2008,kharif,Rice,20171,27410.0,1.358881563,25002.0,27068.0
211,Himachal Pradesh,mandi,2010,kharif,Rice,19481,30528.0,1.567065346,27410.0,25002.0
214,Himachal Pradesh,shimla,2004,kharif,Rice,1981,2122.0,1.071176174,2207.0,2636.0
215,Himachal Pradesh,shimla,2005,kharif,Rice,1810,1966.0,1.086187845,2122.0,2207.0
216,Himachal Pradesh,shimla,2006,kharif,Rice,1651,1887.0,1.142943671,1966.0,2122.0
217,Himachal Pradesh,shimla,2007,kharif,Rice,1640,1602.0,0.976829268,1887.0,1966.0
218,Himachal Pradesh,shimla,2008,kharif,Rice,1214,1209.0,0.995881384,1602.0,1887.0
219,Himachal Pradesh,shimla,2010,kharif,Rice,1359,1464.0,1.077262693,1209.0,1602.0
222,Himachal Pradesh,sirmaur,2004,kharif,Rice,5509,7881.0,1.430568161,8729.0,5278.0
223,Himachal Pradesh,sirmaur,2005,kharif,Rice,5435,7223.0,1.328978841,7881.0,8729.0
224,Himachal Pradesh,sirmaur,2006,kharif,Rice,5328,12012.0,2.254504505,7223.0,7881.0
225,Himachal Pradesh,sirmaur,2007,kharif,Rice,5634,12805.0,2.272807952,12012.0,7223.0
226,Himachal Pradesh,sirmaur,2008,kharif,Rice,5730,7778.0,1.357417103,12805.0,12012.0
227,Himachal Pradesh,sirmaur,2010,kharif,Rice,6115,13833.0,2.262142273,7778.0,12805.0
230,Himachal Pradesh,solan,2004,kharif,Rice,4742,10401.0,2.193378321,7866.0,5377.0
231,Himachal Pradesh,solan,2005,kharif,Rice,4721,8283.0,1.754501165,10401.0,7866.0
232,Himachal Pradesh,solan,2006,kharif,Rice,4634,10968.0,2.36685369,8283.0,10401.0
233,Himachal Pradesh,solan,2007,kharif,Rice,4351,10126.0,2.327281085,10968.0,8283.0
234,Himachal Pradesh,solan,2008,kharif,Rice,4260,10565.0,2.480046948,10126.0,10968.0
235,Himachal Pradesh,solan,2010,kharif,Rice,2094,5166.0,2.467048711,10565.0,10126.0
238,Himachal Pradesh,una,2004,kharif,Rice,2021,3572.0,1.76744186,4633.0,4205.0
239,Himachal Pradesh,una,2005,kharif,Rice,2019,3311.0,1.639920753,3572.0,4633.0
240,Himachal Pradesh,una,2006,kharif,Rice,1976,4464.0,2.259109312,3311.0,3572.0
241,Himachal Pradesh,una,2007,kharif,Rice,2023,4651.0,2.299060801,4464.0,3311.0
242,Himachal Pradesh,una,2008,kharif,Rice,1803,4029.0,2.234608985,4651.0,4464.0
243,Himachal Pradesh,una,2010,kharif,Rice,1919,5277.0,2.749869724,4029.0,4651.0
246,Punjab,amritsar,2004,kharif,Rice,334000,1034000.0,3.095808383,872000.0,879000.0
247,Punjab,amritsar,2005,kharif,Rice,345000,1003000.0,2.907246377,1034000.0,872000.0
248,Punjab,amritsar,2006,kharif,Rice,178000,538000.0,3.02247191,1003000.0,1034000.0
249,Punjab,amritsar,2007,kharif,Rice,178000,546000.0,3.06741573,538000.0,1003000.0
250,Punjab,amritsar,2008,kharif,Rice,183000,532000.0,2.907103825,546000.0,538000.0
251,Punjab,amritsar,2009,kharif,Rice,185000,501000.0,2.708108108,532000.0,546000.0
252,Punjab,amritsar,2010,kharif,Rice,186000,503000.0,2.704301075,501000.0,532000.0
255,Punjab,barnala,2009,kharif,Rice,104000,496000.0,4.769230769,485000.0,466000.0
256,Punjab,barnala,2010,kharif,Rice,105000,465000.0,4.428571429,496000.0,485000.0
259,Punjab,bathinda,2004,kharif,Rice,102000,415000.0,4.068627451,419000.0,367000.0
260,Punjab,bathinda,2005,kharif,Rice,95000,385000.0,4.052631579,415000.0,419000.0
261,Punjab,bathinda,2006,kharif,Rice,87000,358000.0,4.114942529,385000.0,415000.0
262,Punjab,bathinda,2007,kharif,Rice,86000,368000.0,4.279069767,358000.0,385000.0
263,Punjab,bathinda,2008,kharif,Rice,97000,427000.0,4.402061856,368000.0,358000.0
264,Punjab,bathinda,2009,kharif,Rice,104000,476000.0,4.576923077,427000.0,368000.0
265,Punjab,bathinda,2010,kharif,Rice,107000,437000.0,4.08411215,476000.0,427000.0
268,Punjab,faridkot,2004,kharif,Rice,88000,337000.0,3.829545455,308000.0,280000.0
269,Punjab,faridkot,2005,kharif,Rice,86000,339000.0,3.941860465,337000.0,308000.0
270,Punjab,faridkot,2006,kharif,Rice,85000,338000.0,3.976470588,339000.0,337000.0
271,Punjab,faridkot,2007,kharif,Rice,87000,351000.0,4.034482759,338000.0,339000.0
272,Punjab,faridkot,2008,kharif,Rice,95000,414000.0,4.357894737,351000.0,338000.0
273,Punjab,faridkot,2009,kharif,Rice,98000,414000.0,4.224489796,414000.0,351000.0
274,Punjab,faridkot,2010,kharif,Rice,101000,409000.0,4.04950495,414000.0,414000.0
277,Punjab,gurdaspur,2004,kharif,Rice,202000,641000.0,3.173267327,587000.0,547000.0
278,Punjab,gurdaspur,2005,kharif,Rice,190000,590000.0,3.105263158,641000.0,587000.0
279,Punjab,gurdaspur,2006,kharif,Rice,201000,636000.0,3.164179104,590000.0,641000.0
280,Punjab,gurdaspur,2007,kharif,Rice,191000,617000.0,3.230366492,636000.0,590000.0
281,Punjab,gurdaspur,2008,kharif,Rice,201000,663000.0,3.298507463,617000.0,636000.0
282,Punjab,gurdaspur,2009,kharif,Rice,204000,640000.0,3.137254902,663000.0,617000.0
283,Punjab,gurdaspur,2010,kharif,Rice,204000,705000.0,3.455882353,640000.0,663000.0
286,Punjab,hoshiarpur,2004,kharif,Rice,58000,171000.0,2.948275862,179000.0,159000.0
287,Punjab,hoshiarpur,2005,kharif,Rice,61000,182000.0,2.983606557,171000.0,179000.0
288,Punjab,hoshiarpur,2006,kharif,Rice,56000,157000.0,2.803571429,182000.0,171000.0
289,Punjab,hoshiarpur,2007,kharif,Rice,56000,185000.0,3.303571429,157000.0,182000.0
290,Punjab,hoshiarpur,2008,kharif,Rice,60000,209000.0,3.483333333,185000.0,157000.0
291,Punjab,hoshiarpur,2009,kharif,Rice,70000,248000.0,3.542857143,209000.0,185000.0
292,Punjab,hoshiarpur,2010,kharif,Rice,73000,261000.0,3.575342466,248000.0,209000.0
295,Punjab,jalandhar,2004,kharif,Rice,145000,538000.0,3.710344828,465000.0,495000.0
296,Punjab,jalandhar,2005,kharif,Rice,151000,526000.0,3.483443709,538000.0,465000.0
297,Punjab,jalandhar,2006,kharif,Rice,147000,514000.0,3.496598639,526000.0,538000.0
298,Punjab,jalandhar,2007,kharif,Rice,149000,554000.0,3.718120805,514000.0,526000.0
299,Punjab,jalandhar,2008,kharif,Rice,155000,588000.0,3.793548387,554000.0,514000.0
300,Punjab,jalandhar,2009,kharif,Rice,161000,636000.0,3.950310559,588000.0,554000.0
301,Punjab,jalandhar,2010,kharif,Rice,163000,588000.0,3.607361963,636000.0,588000.0
304,Punjab,kapurthala,2004,kharif,Rice,105000,423000.0,4.028571429,361000.0,362000.0
305,Punjab,kapurthala,2005,kharif,Rice,108000,422000.0,3.907407407,423000.0,361000.0
306,Punjab,kapurthala,2006,kharif,Rice,110000,414000.0,3.763636364,422000.0,423000.0
307,Punjab,kapurthala,2007,kharif,Rice,110000,428000.0,3.890909091,414000.0,422000.0
308,Punjab,kapurthala,2008,kharif,Rice,114000,428000.0,3.754385965,428000.0,414000.0
309,Punjab,kapurthala,2009,kharif,Rice,115000,452000.0,3.930434783,428000.0,428000.0
310,Punjab,kapurthala,2010,kharif,Rice,118000,460000.0,3.898305085,452000.0,428000.0
313,Punjab,ludhiana,2004,kharif,Rice,400000,1144000.0,2.86,1047000.0,1020000.0
314,Punjab,ludhiana,2005,kharif,Rice,250000,1130000.0,4.52,1144000.0,1047000.0
315,Punjab,ludhiana,2006,kharif,Rice,248000,1084000.0,4.370967742,1130000.0,1144000.0
316,Punjab,ludhiana,2007,kharif,Rice,250000,1133000.0,4.532,1084000.0,1130000.0
317,Punjab,ludhiana,2008,kharif,Rice,254000,1135000.0,4.468503937,1133000.0,1084000.0
318,Punjab,ludhiana,2009,kharif,Rice,257000,1206000.0,4.692607004,1135000.0,1133000.0
319,Punjab,ludhiana,2010,kharif,Rice,257000,1133000.0,4.408560311,1206000.0,1135000.0
322,Punjab,patiala,2004,kharif,Rice,250000,965000.0,3.86,950000.0,818000.0
323,Punjab,patiala,2005,kharif,Rice,252000,996000.0,3.952380952,965000.0,950000.0
324,Punjab,patiala,2006,kharif,Rice,237000,989000.0,4.172995781,996000.0,965000.0
325,Punjab,patiala,2007,kharif,Rice,234000,999000.0,4.269230769,989000.0,996000.0
326,Punjab,patiala,2008,kharif,Rice,238000,1009000.0,4.239495798,999000.0,989000.0
327,Punjab,patiala,2009,kharif,Rice,240000,1021000.0,4.254166667,1009000.0,999000.0
328,Punjab,patiala,2010,kharif,Rice,234000,873000.0,3.730769231,1021000.0,1009000.0
331,Punjab,rupnagar,2004,kharif,Rice,51000,176000.0,3.450980392,170000.0,141000.0
332,Punjab,rupnagar,2005,kharif,Rice,53000,183000.0,3.452830189,176000.0,170000.0
333,Punjab,rupnagar,2006,kharif,Rice,38000,138000.0,3.631578947,183000.0,176000.0
334,Punjab,rupnagar,2007,kharif,Rice,33000,122000.0,3.696969697,138000.0,183000.0
335,Punjab,rupnagar,2008,kharif,Rice,36000,139000.0,3.861111111,122000.0,138000.0
336,Punjab,rupnagar,2009,kharif,Rice,38000,135000.0,3.552631579,139000.0,122000.0
337,Punjab,rupnagar,2010,kharif,Rice,38000,147000.0,3.868421053,135000.0,139000.0
340,Punjab,s.a.s nagar,2008,kharif,Rice,27000,88000.0,3.259259259,103000.0,82000.0
341,Punjab,s.a.s nagar,2009,kharif,Rice,30000,98000.0,3.266666667,88000.0,103000.0
342,Punjab,s.a.s nagar,2010,kharif,Rice,37000,127000.0,3.432432432,98000.0,88000.0
345,Punjab,sangrur,2004,kharif,Rice,367000,1710000.0,4.659400545,1566000.0,1429000.0
346,Punjab,sangrur,2005,kharif,Rice,367000,1625000.0,4.427792916,1710000.0,1566000.0
347,Punjab,sangrur,2006,kharif,Rice,362000,1637000.0,4.522099448,1625000.0,1710000.0
348,Punjab,sangrur,2007,kharif,Rice,262000,1207000.0,4.606870229,1637000.0,1625000.0
349,Punjab,sangrur,2008,kharif,Rice,267000,1233000.0,4.617977528,1207000.0,1637000.0
350,Punjab,sangrur,2009,kharif,Rice,271000,1273000.0,4.697416974,1233000.0,1207000.0
351,Punjab,sangrur,2010,kharif,Rice,272000,1185000.0,4.356617647,1273000.0,1233000.0
354,Punjab,tarn taran,2008,kharif,Rice,169000,525000.0,3.106508876,539000.0,514000.0
355,Punjab,tarn taran,2009,kharif,Rice,172000,530000.0,3.081395349,525000.0,539000.0
356,Punjab,tarn taran,2010,kharif,Rice,172000,500000.0,2.906976744,530000.0,525000.0
359,Rajasthan,ajmer,2004,kharif,Rice,18,27.0,1.5,43.0,2.0
360,Rajasthan,ajmer,2005,kharif,Rice,13,19.0,1.461538462,27.0,43.0
361,Rajasthan,ajmer,2006,kharif,Rice,15,24.0,1.6,19.0,27.0
362,Rajasthan,ajmer,2007,kharif,Rice,6,12.0,2.0,24.0,19.0
363,Rajasthan,ajmer,2008,kharif,Rice,4,7.0,1.75,12.0,24.0
364,Rajasthan,ajmer,2009,kharif,Rice,7,11.0,1.571428571,7.0,12.0
365,Rajasthan,ajmer,2010,kharif,Rice,9,18.0,2.0,11.0,7.0
368,Rajasthan,alwar,2004,kharif,Rice,139,206.0,1.482014388,265.0,84.0
369,Rajasthan,alwar,2005,kharif,Rice,132,193.0,1.462121212,206.0,265.0
370,Rajasthan,alwar,2006,kharif,Rice,127,200.0,1.57480315,193.0,206.0
371,Rajasthan,alwar,2007,kharif,Rice,155,315.0,2.032258065,200.0,193.0
372,Rajasthan,alwar,2008,kharif,Rice,265,479.0,1.80754717,315.0,200.0
373,Rajasthan,alwar,2009,kharif,Rice,346,524.0,1.514450867,479.0,315.0
374,Rajasthan,alwar,2010,kharif,Rice,378,766.0,2.026455026,524.0,479.0
377,Rajasthan,banswara,2004,kharif,Rice,31966,21080.0,0.659450666,23750.0,8081.0
378,Rajasthan,banswara,2005,kharif,Rice,33179,21774.0,0.656258477,21080.0,23750.0
379,Rajasthan,banswara,2006,kharif,Rice,33252,18756.0,0.564056297,21774.0,21080.0
380,Rajasthan,banswara,2007,kharif,Rice,35853,46686.0,1.302150448,18756.0,21774.0
381,Rajasthan,banswara,2008,kharif,Rice,31530,12376.0,0.392515065,46686.0,18756.0
382,Rajasthan,banswara,2009,kharif,Rice,28142,11416.0,0.405657025,12376.0,46686.0
383,Rajasthan,banswara,2010,kharif,Rice,27027,17610.0,0.651570652,11416.0,12376.0
386,Rajasthan,bharatpur,2004,kharif,Rice,1354,1206.0,0.890694239,2428.0,306.0
387,Rajasthan,bharatpur,2005,kharif,Rice,3368,7351.0,2.18260095,1206.0,2428.0
388,Rajasthan,bharatpur,2006,kharif,Rice,878,638.0,0.726651481,7351.0,1206.0
389,Rajasthan,bharatpur,2007,kharif,Rice,684,1114.0,1.628654971,638.0,7351.0
390,Rajasthan,bharatpur,2008,kharif,Rice,2281,2766.0,1.212626041,1114.0,638.0
391,Rajasthan,bharatpur,2009,kharif,Rice,1865,3303.0,1.771045576,2766.0,1114.0
392,Rajasthan,bharatpur,2010,kharif,Rice,1536,3095.0,2.014973958,3303.0,2766.0
395,Rajasthan,bhilwara,2004,kharif,Rice,241,358.0,1.485477178,314.0,197.0
396,Rajasthan,bhilwara,2005,kharif,Rice,288,423.0,1.46875,358.0,314.0
397,Rajasthan,bhilwara,2006,kharif,Rice,207,326.0,1.574879227,423.0,358.0
398,Rajasthan,bhilwara,2007,kharif,Rice,247,502.0,2.032388664,326.0,423.0
399,Rajasthan,bhilwara,2008,kharif,Rice,278,502.0,1.805755396,502.0,326.0
400,Rajasthan,bhilwara,2009,kharif,Rice,430,651.0,1.513953488,502.0,502.0
401,Rajasthan,bhilwara,2010,kharif,Rice,392,794.0,2.025510204,651.0,502.0
404,Rajasthan,bikaner,2004,kharif,Rice,17,25.0,1.470588235,21.0,4.0
405,Rajasthan,bikaner,2005,kharif,Rice,17,25.0,1.470588235,25.0,21.0
406,Rajasthan,bikaner,2006,kharif,Rice,7,11.0,1.571428571,25.0,25.0
407,Rajasthan,bikaner,2007,kharif,Rice,1,2.0,2.0,11.0,25.0
408,Rajasthan,bikaner,2008,kharif,Rice,179,323.0,1.804469274,2.0,11.0
409,Rajasthan,bikaner,2009,kharif,Rice,63,95.0,1.507936508,323.0,2.0
410,Rajasthan,bikaner,2010,kharif,Rice,37,75.0,2.027027027,95.0,323.0
413,Rajasthan,bundi,2004,kharif,Rice,6053,11200.0,1.850322154,14763.0,3965.0
414,Rajasthan,bundi,2005,kharif,Rice,8788,12485.0,1.420687301,11200.0,14763.0
415,Rajasthan,bundi,2006,kharif,Rice,9421,16208.0,1.720411846,12485.0,11200.0
416,Rajasthan,bundi,2007,kharif,Rice,16967,39552.0,2.331113338,16208.0,12485.0
417,Rajasthan,bundi,2008,kharif,Rice,24506,45335.0,1.849955113,39552.0,16208.0
418,Rajasthan,bundi,2009,kharif,Rice,36145,31357.0,0.867533545,45335.0,39552.0
419,Rajasthan,bundi,2010,kharif,Rice,22898,42971.0,1.87662678,31357.0,45335.0
422,Rajasthan,dholpur,2004,kharif,Rice,647,960.0,1.483771252,1287.0,510.0
423,Rajasthan,dholpur,2005,kharif,Rice,837,1228.0,1.467144564,960.0,1287.0
424,Rajasthan,dholpur,2006,kharif,Rice,536,845.0,1.576492537,1228.0,960.0
425,Rajasthan,dholpur,2007,kharif,Rice,484,983.0,2.030991736,845.0,1228.0
426,Rajasthan,dholpur,2008,kharif,Rice,574,1037.0,1.806620209,983.0,845.0
427,Rajasthan,dholpur,2009,kharif,Rice,569,862.0,1.514938489,1037.0,983.0
428,Rajasthan,dholpur,2010,kharif,Rice,679,1375.0,2.025036819,862.0,1037.0
431,Rajasthan,dungarpur,2004,kharif,Rice,25153,20267.0,0.805748817,20126.0,1400.0
432,Rajasthan,dungarpur,2005,kharif,Rice,21879,7234.0,0.330636684,20267.0,20126.0
433,Rajasthan,dungarpur,2006,kharif,Rice,27161,18171.0,0.669010714,7234.0,20267.0
434,Rajasthan,dungarpur,2007,kharif,Rice,29975,39241.0,1.30912427,18171.0,7234.0
435,Rajasthan,dungarpur,2008,kharif,Rice,14842,3288.0,0.221533486,39241.0,18171.0
436,Rajasthan,dungarpur,2009,kharif,Rice,13961,5060.0,0.362438221,3288.0,39241.0
437,Rajasthan,dungarpur,2010,kharif,Rice,13727,9058.0,0.659867415,5060.0,3288.0
440,Rajasthan,ganganagar,2004,kharif,Rice,2383,5741.0,2.409148133,10259.0,5222.0
441,Rajasthan,ganganagar,2005,kharif,Rice,2897,4681.0,1.615809458,5741.0,10259.0
442,Rajasthan,ganganagar,2006,kharif,Rice,2779,8825.0,3.175602735,4681.0,5741.0
443,Rajasthan,ganganagar,2007,kharif,Rice,3581,13166.0,3.676626641,8825.0,4681.0
444,Rajasthan,ganganagar,2008,kharif,Rice,6422,16143.0,2.513702896,13166.0,8825.0
445,Rajasthan,ganganagar,2009,kharif,Rice,8740,23388.0,2.67597254,16143.0,13166.0
446,Rajasthan,ganganagar,2010,kharif,Rice,8026,20046.0,2.497632694,23388.0,16143.0
449,Rajasthan,jhalawar,2004,kharif,Rice,446,662.0,1.484304933,755.0,290.0
450,Rajasthan,jhalawar,2005,kharif,Rice,719,1055.0,1.467315716,662.0,755.0
451,Rajasthan,jhalawar,2006,kharif,Rice,720,1135.0,1.576388889,1055.0,662.0
452,Rajasthan,jhalawar,2007,kharif,Rice,1176,2389.0,2.031462585,1135.0,1055.0
453,Rajasthan,jhalawar,2008,kharif,Rice,1679,3034.0,1.807027993,2389.0,1135.0
454,Rajasthan,jhalawar,2009,kharif,Rice,2397,3631.0,1.514810179,3034.0,2389.0
455,Rajasthan,jhalawar,2010,kharif,Rice,2294,5858.0,2.553618134,3631.0,3034.0
458,Rajasthan,kota,2004,kharif,Rice,5018,10791.0,2.15045835,9997.0,5741.0
459,Rajasthan,kota,2005,kharif,Rice,6642,15606.0,2.349593496,10791.0,9997.0
460,Rajasthan,kota,2006,kharif,Rice,6505,17751.0,2.728823982,15606.0,10791.0
461,Rajasthan,kota,2007,kharif,Rice,8402,20645.0,2.457153059,17751.0,15606.0
462,Rajasthan,kota,2008,kharif,Rice,12011,36786.0,3.062692532,20645.0,17751.0
463,Rajasthan,kota,2009,kharif,Rice,17348,37733.0,2.175063408,36786.0,20645.0
464,Rajasthan,kota,2010,kharif,Rice,13974,38259.0,2.737870331,37733.0,36786.0
467,Rajasthan,pratapgarh,2010,kharif,Rice,1324,2681.0,2.024924471,2318.0,2765.0
470,Rajasthan,sawai madhopur,2004,kharif,Rice,143,212.0,1.482517483,261.0,14.0
471,Rajasthan,sawai madhopur,2005,kharif,Rice,210,308.0,1.466666667,212.0,261.0
472,Rajasthan,sawai madhopur,2006,kharif,Rice,27,42.0,1.555555556,308.0,212.0
473,Rajasthan,sawai madhopur,2007,kharif,Rice,49,99.0,2.020408163,42.0,308.0
474,Rajasthan,sawai madhopur,2008,kharif,Rice,64,116.0,1.8125,99.0,42.0
475,Rajasthan,sawai madhopur,2009,kharif,Rice,103,156.0,1.514563107,116.0,99.0
476,Rajasthan,sawai madhopur,2010,kharif,Rice,646,1308.0,2.024767802,156.0,116.0
479,Rajasthan,sirohi,2004,kharif,Rice,1,2.0,2.0,10.0,2.0
480,Rajasthan,sirohi,2005,kharif,Rice,1,2.0,2.0,2.0,10.0
481,Rajasthan,sirohi,2006,kharif,Rice,7,11.0,1.571428571,2.0,2.0
482,Rajasthan,sirohi,2007,kharif,Rice,3,6.0,2.0,11.0,2.0
483,Rajasthan,sirohi,2008,kharif,Rice,3,5.0,1.666666667,6.0,11.0
486,Rajasthan,tonk,2004,kharif,Rice,5,8.0,1.6,8.0,8.0
487,Rajasthan,tonk,2005,kharif,Rice,4,6.0,1.5,8.0,8.0
488,Rajasthan,tonk,2009,kharif,Rice,7,11.0,1.571428571,6.0,8.0
489,Rajasthan,tonk,2010,kharif,Rice,2,4.0,2.0,11.0,6.0
492,Rajasthan,udaipur,2004,kharif,Rice,5564,4165.0,0.748562185,6070.0,880.0
493,Rajasthan,udaipur,2005,kharif,Rice,5785,4477.0,0.773898012,4165.0,6070.0
494,Rajasthan,udaipur,2006,kharif,Rice,6175,5725.0,0.927125506,4477.0,4165.0
495,Rajasthan,udaipur,2007,kharif,Rice,5759,4256.0,0.73901719,5725.0,4477.0
496,Rajasthan,udaipur,2008,kharif,Rice,3689,2013.0,0.545676335,4256.0,5725.0
497,Rajasthan,udaipur,2009,kharif,Rice,4253,2594.0,0.609922408,2013.0,4256.0
498,Rajasthan,udaipur,2010,kharif,Rice,4881,5269.0,1.079491907,2594.0,2013.0
501,Uttar Pradesh,agra,2004,kharif,Rice,1097,2575.0,2.347310848,1436.0,1900.0
502,Uttar Pradesh,agra,2005,kharif,Rice,1021,2314.0,2.266405485,2575.0,1436.0
503,Uttar Pradesh,agra,2006,kharif,Rice,1086,2056.0,1.893186004,2314.0,2575.0
504,Uttar Pradesh,agra,2007,kharif,Rice,1395,2763.0,1.980645161,2056.0,2314.0
505,Uttar Pradesh,agra,2008,kharif,Rice,4176,9183.0,2.198994253,2763.0,2056.0
506,Uttar Pradesh,agra,2009,kharif,Rice,4816,8467.0,1.758098007,9183.0,2763.0
507,Uttar Pradesh,agra,2010,kharif,Rice,4342,9413.0,2.167894979,8467.0,9183.0
510,Uttar Pradesh,aligarh,2004,kharif,Rice,38381,86421.0,2.251660978,63252.0,45992.0
511,Uttar Pradesh,aligarh,2005,kharif,Rice,36832,76868.0,2.086989574,86421.0,63252.0
512,Uttar Pradesh,aligarh,2006,kharif,Rice,38447,79239.0,2.060993055,76868.0,86421.0
513,Uttar Pradesh,aligarh,2007,kharif,Rice,47382,95096.0,2.00700688,79239.0,76868.0
514,Uttar Pradesh,aligarh,2008,kharif,Rice,47544,102410.0,2.154004711,95096.0,79239.0
515,Uttar Pradesh,aligarh,2009,kharif,Rice,66448,115088.0,1.732000963,102410.0,95096.0
516,Uttar Pradesh,aligarh,2010,kharif,Rice,64485,131614.0,2.041001783,115088.0,102410.0
519,Uttar Pradesh,allahabad,2004,kharif,Rice,162912,291720.0,1.790659988,408380.0,315023.0
520,Uttar Pradesh,allahabad,2005,kharif,Rice,187745,378494.0,2.016000426,291720.0,408380.0
521,Uttar Pradesh,allahabad,2006,kharif,Rice,162136,342918.0,2.11500222,378494.0,291720.0
522,Uttar Pradesh,allahabad,2007,kharif,Rice,165636,356449.0,2.15200198,342918.0,378494.0
523,Uttar Pradesh,allahabad,2008,kharif,Rice,185494,453347.0,2.443998189,356449.0,342918.0
524,Uttar Pradesh,allahabad,2009,kharif,Rice,105361,228633.0,2.169996488,453347.0,356449.0
525,Uttar Pradesh,allahabad,2010,kharif,Rice,141316,328560.0,2.325002123,228633.0,453347.0
529,Uttar Pradesh,azamgarh,2004,kharif,Rice,212127,187398.0,0.883423609,417537.0,303911.0
530,Uttar Pradesh,azamgarh,2005,kharif,Rice,201562,353338.0,1.752999077,187398.0,417537.0
531,Uttar Pradesh,azamgarh,2006,kharif,Rice,207566,304914.0,1.468997813,353338.0,187398.0
532,Uttar Pradesh,azamgarh,2007,kharif,Rice,215737,416372.0,1.9299981,304914.0,353338.0
533,Uttar Pradesh,azamgarh,2008,kharif,Rice,213081,419343.0,1.967998085,416372.0,304914.0
534,Uttar Pradesh,azamgarh,2009,kharif,Rice,190222,332128.0,1.74600204,419343.0,416372.0
535,Uttar Pradesh,azamgarh,2010,kharif,Rice,203577,417536.0,2.050997903,332128.0,419343.0
538,Uttar Pradesh,bahraich,2004,kharif,Rice,159114,291375.0,1.831234209,291867.0,224311.0
539,Uttar Pradesh,bahraich,2005,kharif,Rice,157629,296815.0,1.882997418,291375.0,291867.0
540,Uttar Pradesh,bahraich,2006,kharif,Rice,153920,254892.0,1.656003119,296815.0,291375.0
541,Uttar Pradesh,bahraich,2007,kharif,Rice,163515,302339.0,1.848998563,254892.0,296815.0
542,Uttar Pradesh,bahraich,2008,kharif,Rice,159350,312804.0,1.962999686,302339.0,254892.0
543,Uttar Pradesh,bahraich,2009,kharif,Rice,160636,323039.0,2.011000025,312804.0,302339.0
544,Uttar Pradesh,bahraich,2010,kharif,Rice,159111,329519.0,2.071000748,323039.0,312804.0
547,Uttar Pradesh,ballia,2004,kharif,Rice,120195,64687.0,0.538183785,219624.0,167845.0
548,Uttar Pradesh,ballia,2005,kharif,Rice,122495,179210.0,1.46299849,64687.0,219624.0
549,Uttar Pradesh,ballia,2006,kharif,Rice,119243,159309.0,1.336002952,179210.0,64687.0
550,Uttar Pradesh,ballia,2007,kharif,Rice,118660,220114.0,1.854997472,159309.0,179210.0
551,Uttar Pradesh,ballia,2008,kharif,Rice,123485,242401.0,1.962999555,220114.0,159309.0
552,Uttar Pradesh,ballia,2009,kharif,Rice,82351,89433.0,1.085997741,242401.0,220114.0
553,Uttar Pradesh,ballia,2010,kharif,Rice,108568,206931.0,1.906003611,89433.0,242401.0
556,Uttar Pradesh,banda,2004,kharif,Rice,64353,75917.0,1.179696362,71378.0,47473.0
557,Uttar Pradesh,banda,2005,kharif,Rice,14460,11929.0,0.824965422,75917.0,71378.0
558,Uttar Pradesh,banda,2006,kharif,Rice,57838,51129.0,0.884003596,11929.0,75917.0
559,Uttar Pradesh,banda,2007,kharif,Rice,28577,17975.0,0.629002345,51129.0,11929.0
560,Uttar Pradesh,banda,2008,kharif,Rice,56371,80949.0,1.436004328,17975.0,51129.0
561,Uttar Pradesh,banda,2009,kharif,Rice,30889,32650.0,1.057010586,80949.0,17975.0
562,Uttar Pradesh,banda,2010,kharif,Rice,47536,54761.0,1.151990071,32650.0,80949.0
565,Uttar Pradesh,barabanki,2004,kharif,Rice,186987,461762.0,2.469487184,415220.0,310333.0
566,Uttar Pradesh,barabanki,2005,kharif,Rice,179338,416602.0,2.32299903,461762.0,415220.0
567,Uttar Pradesh,barabanki,2006,kharif,Rice,182527,376553.0,2.062998899,416602.0,461762.0
568,Uttar Pradesh,barabanki,2007,kharif,Rice,195339,294767.0,1.509002299,376553.0,416602.0
569,Uttar Pradesh,barabanki,2008,kharif,Rice,161107,331397.0,2.056999386,294767.0,376553.0
570,Uttar Pradesh,barabanki,2009,kharif,Rice,172786,399827.0,2.314001134,331397.0,294767.0
571,Uttar Pradesh,barabanki,2010,kharif,Rice,176864,420936.0,2.379998191,399827.0,331397.0
574,Uttar Pradesh,bareilly,2004,kharif,Rice,187526,359792.0,1.918624617,338695.0,229487.0
575,Uttar Pradesh,bareilly,2005,kharif,Rice,159862,301819.0,1.887997148,359792.0,338695.0
576,Uttar Pradesh,bareilly,2006,kharif,Rice,187526,335484.0,1.788999925,301819.0,359792.0
577,Uttar Pradesh,bareilly,2007,kharif,Rice,151272,292711.0,1.934997885,335484.0,301819.0
578,Uttar Pradesh,bareilly,2008,kharif,Rice,186648,326447.0,1.748998114,292711.0,335484.0
579,Uttar Pradesh,bareilly,2009,kharif,Rice,149116,266321.0,1.78599882,326447.0,292711.0
580,Uttar Pradesh,bareilly,2010,kharif,Rice,163015,270279.0,1.658000797,266321.0,326447.0
583,Uttar Pradesh,basti,2004,kharif,Rice,118438,176170.0,1.487444908,263294.0,133227.0
584,Uttar Pradesh,basti,2005,kharif,Rice,118834,197502.0,1.661999091,176170.0,263294.0
585,Uttar Pradesh,basti,2006,kharif,Rice,109692,165525.0,1.508997921,197502.0,176170.0
586,Uttar Pradesh,basti,2007,kharif,Rice,114107,210984.0,1.849001376,165525.0,197502.0
587,Uttar Pradesh,basti,2008,kharif,Rice,111663,223884.0,2.004997179,210984.0,165525.0
588,Uttar Pradesh,basti,2009,kharif,Rice,108375,231056.0,2.132004614,223884.0,210984.0
589,Uttar Pradesh,basti,2010,kharif,Rice,102314,215473.0,2.105997224,231056.0,223884.0
592,Uttar Pradesh,bijnor,2004,kharif,Rice,61346,175022.0,2.853030352,142603.0,141933.0
593,Uttar Pradesh,bijnor,2005,kharif,Rice,53816,140567.0,2.611992716,175022.0,142603.0
594,Uttar Pradesh,bijnor,2006,kharif,Rice,61346,158641.0,2.586003977,140567.0,175022.0
595,Uttar Pradesh,bijnor,2007,kharif,Rice,60515,157763.0,2.607006527,158641.0,140567.0
596,Uttar Pradesh,bijnor,2008,kharif,Rice,52426,131747.0,2.513008812,157763.0,158641.0
597,Uttar Pradesh,bijnor,2009,kharif,Rice,49403,118024.0,2.389004716,131747.0,157763.0
598,Uttar Pradesh,bijnor,2010,kharif,Rice,55816,131000.0,2.346997277,118024.0,131747.0
601,Uttar Pradesh,budaun,2004,kharif,Rice,90405,142174.0,1.572634257,146059.0,76092.0
602,Uttar Pradesh,budaun,2005,kharif,Rice,67430,118407.0,1.755998814,142174.0,146059.0
603,Uttar Pradesh,budaun,2006,kharif,Rice,87564,161030.0,1.838997762,118407.0,142174.0
604,Uttar Pradesh,budaun,2007,kharif,Rice,88595,163724.0,1.848004966,161030.0,118407.0
605,Uttar Pradesh,budaun,2008,kharif,Rice,77267,137149.0,1.775000971,163724.0,161030.0
606,Uttar Pradesh,budaun,2009,kharif,Rice,67293,135124.0,2.007994888,137149.0,163724.0
607,Uttar Pradesh,budaun,2010,kharif,Rice,84311,158167.0,1.875994829,135124.0,137149.0
610,Uttar Pradesh,bulandshahr,2004,kharif,Rice,50510,122273.0,2.420768165,102596.0,91108.0
611,Uttar Pradesh,bulandshahr,2005,kharif,Rice,45027,102031.0,2.265995958,122273.0,102596.0
612,Uttar Pradesh,bulandshahr,2006,kharif,Rice,46033,100444.0,2.18199987,102031.0,122273.0
613,Uttar Pradesh,bulandshahr,2007,kharif,Rice,58105,135908.0,2.33900697,100444.0,102031.0
614,Uttar Pradesh,bulandshahr,2008,kharif,Rice,69306,160374.0,2.313998788,135908.0,100444.0
615,Uttar Pradesh,bulandshahr,2009,kharif,Rice,61431,138220.0,2.25000407,160374.0,135908.0
616,Uttar Pradesh,bulandshahr,2010,kharif,Rice,74827,168885.0,2.257006161,138220.0,160374.0
619,Uttar Pradesh,deoria,2004,kharif,Rice,130539,213166.0,1.632967925,281680.0,223404.0
620,Uttar Pradesh,deoria,2005,kharif,Rice,130793,237128.0,1.813002225,213166.0,281680.0
621,Uttar Pradesh,deoria,2006,kharif,Rice,121228,207785.0,1.714001716,237128.0,213166.0
622,Uttar Pradesh,deoria,2007,kharif,Rice,129723,255814.0,1.972001881,207785.0,237128.0
623,Uttar Pradesh,deoria,2008,kharif,Rice,129385,278695.0,2.153997759,255814.0,207785.0
624,Uttar Pradesh,deoria,2009,kharif,Rice,118768,169244.0,1.424996632,278695.0,255814.0
625,Uttar Pradesh,deoria,2010,kharif,Rice,128344,256303.0,1.997000249,169244.0,278695.0
628,Uttar Pradesh,etah,2004,kharif,Rice,40518,82558.0,2.037563552,64971.0,63128.0
629,Uttar Pradesh,etah,2005,kharif,Rice,37875,83666.0,2.2090033,82558.0,64971.0
630,Uttar Pradesh,etah,2006,kharif,Rice,41564,90028.0,2.166009046,83666.0,82558.0
631,Uttar Pradesh,etah,2007,kharif,Rice,30937,70784.0,2.288004655,90028.0,83666.0
632,Uttar Pradesh,etah,2008,kharif,Rice,45774,101527.0,2.218005855,70784.0,90028.0
633,Uttar Pradesh,etah,2009,kharif,Rice,16367,36400.0,2.223987292,101527.0,70784.0
634,Uttar Pradesh,etah,2010,kharif,Rice,21823,45872.0,2.102002474,36400.0,101527.0
637,Uttar Pradesh,etawah,2004,kharif,Rice,44493,121859.0,2.738835322,98652.0,90273.0
638,Uttar Pradesh,etawah,2005,kharif,Rice,41868,107936.0,2.57800707,121859.0,98652.0
639,Uttar Pradesh,etawah,2006,kharif,Rice,31781,85046.0,2.676001384,107936.0,121859.0
640,Uttar Pradesh,etawah,2007,kharif,Rice,44284,113633.0,2.566005781,85046.0,107936.0
641,Uttar Pradesh,etawah,2008,kharif,Rice,45157,125040.0,2.769005913,113633.0,85046.0
642,Uttar Pradesh,etawah,2009,kharif,Rice,37865,98260.0,2.595008583,125040.0,113633.0
643,Uttar Pradesh,etawah,2010,kharif,Rice,43727,108224.0,2.474992568,98260.0,125040.0
646,Uttar Pradesh,faizabad,2004,kharif,Rice,72651,171176.0,2.356141003,197095.0,194284.0
647,Uttar Pradesh,faizabad,2005,kharif,Rice,88399,220379.0,2.493003315,171176.0,197095.0
648,Uttar Pradesh,faizabad,2006,kharif,Rice,72337,125866.0,1.739994747,220379.0,171176.0
649,Uttar Pradesh,faizabad,2007,kharif,Rice,70484,149144.0,2.115997957,125866.0,220379.0
650,Uttar Pradesh,faizabad,2008,kharif,Rice,104233,247762.0,2.377001525,149144.0,125866.0
651,Uttar Pradesh,faizabad,2009,kharif,Rice,82232,189216.0,2.301002043,247762.0,149144.0
652,Uttar Pradesh,faizabad,2010,kharif,Rice,97099,214200.0,2.205995942,189216.0,247762.0
655,Uttar Pradesh,farrukhabad,2004,kharif,Rice,15644,35859.0,2.292188699,21304.0,19468.0
656,Uttar Pradesh,farrukhabad,2005,kharif,Rice,13144,27458.0,2.089013999,35859.0,21304.0
657,Uttar Pradesh,farrukhabad,2006,kharif,Rice,14986,34108.0,2.275990925,27458.0,35859.0
658,Uttar Pradesh,farrukhabad,2007,kharif,Rice,13047,29734.0,2.278991339,34108.0,27458.0
659,Uttar Pradesh,farrukhabad,2008,kharif,Rice,14975,37048.0,2.473989983,29734.0,34108.0
660,Uttar Pradesh,farrukhabad,2009,kharif,Rice,8899,19934.0,2.240026969,37048.0,29734.0
661,Uttar Pradesh,farrukhabad,2010,kharif,Rice,14963,24075.0,1.60896879,19934.0,37048.0
664,Uttar Pradesh,fatehpur,2004,kharif,Rice,86201,160017.0,1.856324173,155333.0,114885.0
665,Uttar Pradesh,fatehpur,2005,kharif,Rice,71543,120765.0,1.688005815,160017.0,155333.0
666,Uttar Pradesh,fatehpur,2006,kharif,Rice,80582,136425.0,1.692995954,120765.0,160017.0
667,Uttar Pradesh,fatehpur,2007,kharif,Rice,84135,158258.0,1.881000773,136425.0,120765.0
668,Uttar Pradesh,fatehpur,2008,kharif,Rice,79122,182139.0,2.302001972,158258.0,136425.0
669,Uttar Pradesh,fatehpur,2009,kharif,Rice,61678,133410.0,2.16300788,182139.0,158258.0
670,Uttar Pradesh,fatehpur,2010,kharif,Rice,63527,134105.0,2.110992177,133410.0,182139.0
673,Uttar Pradesh,firozabad,2004,kharif,Rice,14649,40988.0,2.79800669,26784.0,26639.0
674,Uttar Pradesh,firozabad,2005,kharif,Rice,14433,44381.0,3.074967089,40988.0,26784.0
675,Uttar Pradesh,firozabad,2006,kharif,Rice,14989,43963.0,2.933017546,44381.0,40988.0
676,Uttar Pradesh,firozabad,2007,kharif,Rice,16103,48905.0,3.037011737,43963.0,44381.0
677,Uttar Pradesh,firozabad,2008,kharif,Rice,18713,56176.0,3.001977235,48905.0,43963.0
678,Uttar Pradesh,firozabad,2009,kharif,Rice,16939,49513.0,2.923017888,56176.0,48905.0
679,Uttar Pradesh,firozabad,2010,kharif,Rice,19919,54976.0,2.759977911,49513.0,56176.0
682,Uttar Pradesh,ghaziabad,2004,kharif,Rice,20309,49123.0,2.418779851,45904.0,41996.0
683,Uttar Pradesh,ghaziabad,2005,kharif,Rice,21841,50584.0,2.316011172,49123.0,45904.0
684,Uttar Pradesh,ghaziabad,2006,kharif,Rice,21606,49326.0,2.282976951,50584.0,49123.0
685,Uttar Pradesh,ghaziabad,2007,kharif,Rice,20949,49921.0,2.382977708,49326.0,50584.0
686,Uttar Pradesh,ghaziabad,2008,kharif,Rice,23436,59035.0,2.518987882,49921.0,49326.0
687,Uttar Pradesh,ghaziabad,2009,kharif,Rice,22340,61368.0,2.747000895,59035.0,49921.0
688,Uttar Pradesh,ghaziabad,2010,kharif,Rice,30102,76730.0,2.549000066,61368.0,59035.0
691,Uttar Pradesh,ghazipur,2004,kharif,Rice,151689,157236.0,1.036568242,344404.0,298868.0
692,Uttar Pradesh,ghazipur,2005,kharif,Rice,144930,278990.0,1.924998275,157236.0,344404.0
693,Uttar Pradesh,ghazipur,2006,kharif,Rice,149754,288576.0,1.92700028,278990.0,157236.0
694,Uttar Pradesh,ghazipur,2007,kharif,Rice,149871,324021.0,2.161999319,288576.0,278990.0
695,Uttar Pradesh,ghazipur,2008,kharif,Rice,151654,339402.0,2.238002295,324021.0,288576.0
696,Uttar Pradesh,ghazipur,2009,kharif,Rice,121103,224041.0,1.850003716,339402.0,324021.0
697,Uttar Pradesh,ghazipur,2010,kharif,Rice,149321,314321.0,2.105001976,224041.0,339402.0
700,Uttar Pradesh,gonda,2004,kharif,Rice,137035,219000.0,1.598131864,245990.0,166254.0
701,Uttar Pradesh,gonda,2005,kharif,Rice,132082,265617.0,2.011000742,219000.0,245990.0
702,Uttar Pradesh,gonda,2006,kharif,Rice,139035,217868.0,1.567001115,265617.0,219000.0
703,Uttar Pradesh,gonda,2007,kharif,Rice,127327,251725.0,1.976996238,217868.0,265617.0
704,Uttar Pradesh,gonda,2008,kharif,Rice,116178,247343.0,2.129000327,251725.0,217868.0
705,Uttar Pradesh,gonda,2009,kharif,Rice,116741,256363.0,2.195997978,247343.0,251725.0
706,Uttar Pradesh,gonda,2010,kharif,Rice,117388,263888.0,2.247998092,256363.0,247343.0
709,Uttar Pradesh,gorakhpur,2004,kharif,Rice,148255,224879.0,1.51683923,305263.0,227291.0
710,Uttar Pradesh,gorakhpur,2005,kharif,Rice,150889,271902.0,1.802000146,224879.0,305263.0
711,Uttar Pradesh,gorakhpur,2006,kharif,Rice,145171,246210.0,1.69599989,271902.0,224879.0
712,Uttar Pradesh,gorakhpur,2007,kharif,Rice,149578,282104.0,1.885999278,246210.0,271902.0
713,Uttar Pradesh,gorakhpur,2008,kharif,Rice,152772,296072.0,1.93799911,282104.0,246210.0
714,Uttar Pradesh,gorakhpur,2009,kharif,Rice,152407,277533.0,1.820999035,296072.0,282104.0
715,Uttar Pradesh,gorakhpur,2010,kharif,Rice,153977,312111.0,2.026997539,277533.0,296072.0
718,Uttar Pradesh,hamirpur,2004,kharif,Rice,630,683.0,1.084126984,556.0,447.0
719,Uttar Pradesh,hamirpur,2005,kharif,Rice,203,158.0,0.778325123,683.0,556.0
720,Uttar Pradesh,hamirpur,2006,kharif,Rice,630,537.0,0.852380952,158.0,683.0
721,Uttar Pradesh,hamirpur,2007,kharif,Rice,254,125.0,0.492125984,537.0,158.0
722,Uttar Pradesh,hamirpur,2008,kharif,Rice,201,259.0,1.288557214,125.0,537.0
723,Uttar Pradesh,hamirpur,2009,kharif,Rice,64,61.0,0.953125,259.0,125.0
724,Uttar Pradesh,hamirpur,2010,kharif,Rice,159,177.0,1.113207547,61.0,259.0
727,Uttar Pradesh,hardoi,2004,kharif,Rice,147130,345455.0,2.347957589,267702.0,143964.0
728,Uttar Pradesh,hardoi,2005,kharif,Rice,127800,278476.0,2.178998435,345455.0,267702.0
729,Uttar Pradesh,hardoi,2006,kharif,Rice,147130,298674.0,2.03000068,278476.0,345455.0
730,Uttar Pradesh,hardoi,2007,kharif,Rice,151320,294469.0,1.94600185,298674.0,278476.0
731,Uttar Pradesh,hardoi,2008,kharif,Rice,161906,339517.0,2.097000729,294469.0,298674.0
732,Uttar Pradesh,hardoi,2009,kharif,Rice,123955,279271.0,2.253003106,339517.0,294469.0
733,Uttar Pradesh,hardoi,2010,kharif,Rice,130217,265252.0,2.036999777,279271.0,339517.0
736,Uttar Pradesh,jalaun,2004,kharif,Rice,930,519.0,0.558064516,770.0,221.0
737,Uttar Pradesh,jalaun,2005,kharif,Rice,818,869.0,1.062347188,519.0,770.0
738,Uttar Pradesh,jalaun,2006,kharif,Rice,1485,1217.0,0.81952862,869.0,519.0
739,Uttar Pradesh,jalaun,2007,kharif,Rice,233,130.0,0.557939914,1217.0,869.0
740,Uttar Pradesh,jalaun,2008,kharif,Rice,432,496.0,1.148148148,130.0,1217.0
741,Uttar Pradesh,jalaun,2009,kharif,Rice,227,230.0,1.013215859,496.0,130.0
742,Uttar Pradesh,jalaun,2010,kharif,Rice,339,458.0,1.351032448,230.0,496.0
745,Uttar Pradesh,jaunpur,2004,kharif,Rice,137757,162226.0,1.177624368,293353.0,243387.0
746,Uttar Pradesh,jaunpur,2005,kharif,Rice,112040,214557.0,1.91500357,162226.0,293353.0
747,Uttar Pradesh,jaunpur,2006,kharif,Rice,144237,266983.0,1.85100217,214557.0,162226.0
748,Uttar Pradesh,jaunpur,2007,kharif,Rice,138085,265261.0,1.920997936,266983.0,214557.0
749,Uttar Pradesh,jaunpur,2008,kharif,Rice,144174,309686.0,2.14800172,265261.0,266983.0
750,Uttar Pradesh,jaunpur,2009,kharif,Rice,129556,255484.0,1.971996666,309686.0,265261.0
751,Uttar Pradesh,jaunpur,2010,kharif,Rice,139885,292220.0,2.08900168,255484.0,309686.0
754,Uttar Pradesh,jhansi,2004,kharif,Rice,3461,2911.0,0.841086391,3455.0,384.0
755,Uttar Pradesh,jhansi,2005,kharif,Rice,1909,3581.0,1.875851231,2911.0,3455.0
756,Uttar Pradesh,jhansi,2006,kharif,Rice,1082,1365.0,1.26155268,3581.0,2911.0
757,Uttar Pradesh,jhansi,2007,kharif,Rice,3994,3047.0,0.762894342,1365.0,3581.0
758,Uttar Pradesh,jhansi,2008,kharif,Rice,1689,3197.0,1.892835998,3047.0,1365.0
759,Uttar Pradesh,jhansi,2009,kharif,Rice,1823,3167.0,1.737246297,3197.0,3047.0
760,Uttar Pradesh,jhansi,2010,kharif,Rice,2067,4738.0,2.292210934,3167.0,3197.0
763,Uttar Pradesh,kanpur dehat,2005,kharif,Rice,55080,123765.0,2.247004357,126264.0,109175.0
764,Uttar Pradesh,kanpur dehat,2006,kharif,Rice,56707,107290.0,1.892006278,123765.0,126264.0
765,Uttar Pradesh,kanpur dehat,2007,kharif,Rice,56442,114747.0,2.033007335,107290.0,123765.0
766,Uttar Pradesh,kanpur dehat,2008,kharif,Rice,52436,125374.0,2.390990922,114747.0,107290.0
767,Uttar Pradesh,kanpur dehat,2009,kharif,Rice,29397,66114.0,2.249005001,125374.0,114747.0
768,Uttar Pradesh,kanpur dehat,2010,kharif,Rice,43449,99976.0,2.300996571,66114.0,125374.0
771,Uttar Pradesh,kanpur nagar,2004,kharif,Rice,37165,71748.0,1.930526033,74896.0,154159.0
772,Uttar Pradesh,kanpur nagar,2005,kharif,Rice,32279,64493.0,1.997986307,71748.0,74896.0
773,Uttar Pradesh,kanpur nagar,2006,kharif,Rice,30487,49480.0,1.622986847,64493.0,71748.0
774,Uttar Pradesh,kanpur nagar,2007,kharif,Rice,33909,63986.0,1.886991654,49480.0,64493.0
775,Uttar Pradesh,kanpur nagar,2008,kharif,Rice,34040,74003.0,2.174001175,63986.0,49480.0
776,Uttar Pradesh,kanpur nagar,2009,kharif,Rice,24103,55485.0,2.301995602,74003.0,63986.0
777,Uttar Pradesh,kanpur nagar,2010,kharif,Rice,31353,70638.0,2.252990144,55485.0,74003.0
782,Uttar Pradesh,kheri,2004,kharif,Rice,190686,397276.0,2.08340413,428236.0,363489.0
783,Uttar Pradesh,kheri,2005,kharif,Rice,176122,396803.0,2.253000761,397276.0,428236.0
784,Uttar Pradesh,kheri,2006,kharif,Rice,183844,376880.0,2.049998912,396803.0,397276.0
785,Uttar Pradesh,kheri,2007,kharif,Rice,179820,372227.0,2.069997776,376880.0,396803.0
786,Uttar Pradesh,kheri,2008,kharif,Rice,187595,334107.0,1.781001626,372227.0,376880.0
787,Uttar Pradesh,kheri,2009,kharif,Rice,163394,321886.0,1.969998898,334107.0,372227.0
788,Uttar Pradesh,kheri,2010,kharif,Rice,181676,393329.0,2.165002532,321886.0,334107.0
791,Uttar Pradesh,lalitpur,2004,kharif,Rice,5668,2203.0,0.388673253,3870.0,612.0
792,Uttar Pradesh,lalitpur,2005,kharif,Rice,3484,2146.0,0.615958668,2203.0,3870.0
793,Uttar Pradesh,lalitpur,2006,kharif,Rice,4996,3612.0,0.722978383,2146.0,2203.0
794,Uttar Pradesh,lalitpur,2007,kharif,Rice,3485,1049.0,0.301004304,3612.0,2146.0
795,Uttar Pradesh,lalitpur,2008,kharif,Rice,3207,2402.0,0.748986592,1049.0,3612.0
796,Uttar Pradesh,lalitpur,2009,kharif,Rice,3434,2136.0,0.622015143,2402.0,1049.0
797,Uttar Pradesh,lalitpur,2010,kharif,Rice,2833,1856.0,0.655135898,2136.0,2402.0
800,Uttar Pradesh,lucknow,2004,kharif,Rice,52825,99033.0,1.87473734,102433.0,74299.0
801,Uttar Pradesh,lucknow,2005,kharif,Rice,35499,68300.0,1.923997859,99033.0,102433.0
802,Uttar Pradesh,lucknow,2006,kharif,Rice,48107,93520.0,1.943999834,68300.0,99033.0
803,Uttar Pradesh,lucknow,2007,kharif,Rice,47542,87097.0,1.832001178,93520.0,68300.0
804,Uttar Pradesh,lucknow,2008,kharif,Rice,56308,118810.0,2.110002131,87097.0,93520.0
805,Uttar Pradesh,lucknow,2009,kharif,Rice,43549,95329.0,2.189005488,118810.0,87097.0
806,Uttar Pradesh,lucknow,2010,kharif,Rice,48833,93320.0,1.911002805,95329.0,118810.0
809,Uttar Pradesh,maharajganj,2004,kharif,Rice,171788,385422.0,2.243590938,450103.0,436958.0
810,Uttar Pradesh,maharajganj,2005,kharif,Rice,158717,370763.0,2.336000554,385422.0,450103.0
811,Uttar Pradesh,maharajganj,2006,kharif,Rice,168666,389281.0,2.307999241,370763.0,385422.0
812,Uttar Pradesh,maharajganj,2007,kharif,Rice,161982,358952.0,2.215999309,389281.0,370763.0
813,Uttar Pradesh,maharajganj,2008,kharif,Rice,165274,381287.0,2.306999286,358952.0,389281.0
814,Uttar Pradesh,maharajganj,2009,kharif,Rice,167645,407210.0,2.42900176,381287.0,358952.0
815,Uttar Pradesh,maharajganj,2010,kharif,Rice,167451,363536.0,2.170999277,407210.0,381287.0
818,Uttar Pradesh,mainpuri,2004,kharif,Rice,81474,179085.0,2.198063186,93556.0,100585.0
819,Uttar Pradesh,mainpuri,2005,kharif,Rice,56735,133441.0,2.352004935,179085.0,93556.0
820,Uttar Pradesh,mainpuri,2006,kharif,Rice,81474,204174.0,2.506001915,133441.0,179085.0
821,Uttar Pradesh,mainpuri,2007,kharif,Rice,75962,185195.0,2.437995313,204174.0,133441.0
822,Uttar Pradesh,mainpuri,2008,kharif,Rice,83634,209336.0,2.503001172,185195.0,204174.0
823,Uttar Pradesh,mainpuri,2009,kharif,Rice,60622,137673.0,2.271007225,209336.0,185195.0
824,Uttar Pradesh,mainpuri,2010,kharif,Rice,49602,120434.0,2.428006935,137673.0,209336.0
827,Uttar Pradesh,mathura,2004,kharif,Rice,37089,94625.0,2.551295532,67858.0,43496.0
828,Uttar Pradesh,mathura,2005,kharif,Rice,32880,82858.0,2.520012165,94625.0,67858.0
829,Uttar Pradesh,mathura,2006,kharif,Rice,37089,77442.0,2.08800453,82858.0,94625.0
830,Uttar Pradesh,mathura,2007,kharif,Rice,42229,103377.0,2.448009662,77442.0,82858.0
831,Uttar Pradesh,mathura,2008,kharif,Rice,45394,119522.0,2.632991144,103377.0,77442.0
832,Uttar Pradesh,mathura,2009,kharif,Rice,42931,92817.0,2.162004146,119522.0,103377.0
833,Uttar Pradesh,mathura,2010,kharif,Rice,47142,101167.0,2.146005685,92817.0,119522.0
836,Uttar Pradesh,mau,2004,kharif,Rice,90051,116405.0,1.292656384,192364.0,195837.0
837,Uttar Pradesh,mau,2005,kharif,Rice,90387,158629.0,1.754997953,116405.0,192364.0
838,Uttar Pradesh,mau,2006,kharif,Rice,85278,88433.0,1.036996646,158629.0,116405.0
839,Uttar Pradesh,mau,2007,kharif,Rice,74202,133489.0,1.798994636,88433.0,158629.0
840,Uttar Pradesh,mau,2008,kharif,Rice,91102,182022.0,1.998002239,133489.0,88433.0
841,Uttar Pradesh,mau,2009,kharif,Rice,76241,111464.0,1.461995514,182022.0,133489.0
842,Uttar Pradesh,mau,2010,kharif,Rice,84040,155894.0,1.85499762,111464.0,182022.0
845,Uttar Pradesh,meerut,2004,kharif,Rice,15186,38020.0,2.503621757,33423.0,30021.0
846,Uttar Pradesh,meerut,2005,kharif,Rice,12110,27199.0,2.245995045,38020.0,33423.0
847,Uttar Pradesh,meerut,2006,kharif,Rice,15848,39921.0,2.518992933,27199.0,38020.0
848,Uttar Pradesh,meerut,2007,kharif,Rice,13707,32335.0,2.359013643,39921.0,27199.0
849,Uttar Pradesh,meerut,2008,kharif,Rice,17372,39938.0,2.298986875,32335.0,39921.0
850,Uttar Pradesh,meerut,2009,kharif,Rice,17629,45113.0,2.559022066,39938.0,32335.0
851,Uttar Pradesh,meerut,2010,kharif,Rice,17605,38608.0,2.193013348,45113.0,39938.0
854,Uttar Pradesh,mirzapur,2004,kharif,Rice,90318,99621.0,1.103002724,215028.0,167705.0
855,Uttar Pradesh,mirzapur,2005,kharif,Rice,103594,151765.0,1.464997973,99621.0,215028.0
856,Uttar Pradesh,mirzapur,2006,kharif,Rice,99740,194094.0,1.945999599,151765.0,99621.0
857,Uttar Pradesh,mirzapur,2007,kharif,Rice,78848,111806.0,1.417994115,194094.0,151765.0
858,Uttar Pradesh,mirzapur,2008,kharif,Rice,108567,221368.0,2.038998959,111806.0,194094.0
859,Uttar Pradesh,mirzapur,2009,kharif,Rice,61987,96080.0,1.55000242,221368.0,111806.0
860,Uttar Pradesh,mirzapur,2010,kharif,Rice,64224,132879.0,2.0689929,96080.0,221368.0
863,Uttar Pradesh,moradabad,2004,kharif,Rice,138207,326147.0,2.359844292,291505.0,215401.0
864,Uttar Pradesh,moradabad,2005,kharif,Rice,114978,233865.0,2.033997808,326147.0,291505.0
865,Uttar Pradesh,moradabad,2006,kharif,Rice,138207,289405.0,2.093996686,233865.0,326147.0
866,Uttar Pradesh,moradabad,2007,kharif,Rice,139065,325690.0,2.341998346,289405.0,233865.0
867,Uttar Pradesh,moradabad,2008,kharif,Rice,136178,302043.0,2.218001439,325690.0,289405.0
868,Uttar Pradesh,moradabad,2009,kharif,Rice,120321,279506.0,2.323002635,302043.0,325690.0
869,Uttar Pradesh,moradabad,2010,kharif,Rice,125006,224136.0,1.793001936,279506.0,302043.0
872,Uttar Pradesh,muzaffarnagar,2004,kharif,Rice,31015,80429.0,2.593229083,66673.0,44682.0
873,Uttar Pradesh,muzaffarnagar,2005,kharif,Rice,22442,50876.0,2.266999376,80429.0,66673.0
874,Uttar Pradesh,muzaffarnagar,2006,kharif,Rice,25690,57854.0,2.252004671,50876.0,80429.0
875,Uttar Pradesh,muzaffarnagar,2007,kharif,Rice,22302,55911.0,2.506994888,57854.0,50876.0
876,Uttar Pradesh,muzaffarnagar,2008,kharif,Rice,29373,68938.0,2.346985327,55911.0,57854.0
877,Uttar Pradesh,muzaffarnagar,2009,kharif,Rice,35635,92794.0,2.604012909,68938.0,55911.0
878,Uttar Pradesh,muzaffarnagar,2010,kharif,Rice,37128,82944.0,2.234001293,92794.0,68938.0
881,Uttar Pradesh,pilibhit,2004,kharif,Rice,165534,418292.0,2.526924982,428098.0,405772.0
882,Uttar Pradesh,pilibhit,2005,kharif,Rice,151953,380642.0,2.504998256,418292.0,428098.0
883,Uttar Pradesh,pilibhit,2006,kharif,Rice,165534,397116.0,2.398999601,380642.0,418292.0
884,Uttar Pradesh,pilibhit,2007,kharif,Rice,160112,455198.0,2.842997402,397116.0,380642.0
885,Uttar Pradesh,pilibhit,2008,kharif,Rice,154385,345822.0,2.239997409,455198.0,397116.0
886,Uttar Pradesh,pilibhit,2009,kharif,Rice,154810,403280.0,2.604999677,345822.0,455198.0
887,Uttar Pradesh,pilibhit,2010,kharif,Rice,149172,370692.0,2.484997184,403280.0,345822.0
890,Uttar Pradesh,pratapgarh,2004,kharif,Rice,96432,157306.0,1.631263481,239818.0,179042.0
891,Uttar Pradesh,pratapgarh,2005,kharif,Rice,106016,198038.0,1.868001056,157306.0,239818.0
892,Uttar Pradesh,pratapgarh,2006,kharif,Rice,98612,184503.0,1.870999473,198038.0,157306.0
893,Uttar Pradesh,pratapgarh,2007,kharif,Rice,102207,196340.0,1.921003454,184503.0,198038.0
894,Uttar Pradesh,pratapgarh,2008,kharif,Rice,95782,209092.0,2.182998893,196340.0,184503.0
895,Uttar Pradesh,pratapgarh,2009,kharif,Rice,97382,207132.0,2.127004991,209092.0,196340.0
896,Uttar Pradesh,pratapgarh,2010,kharif,Rice,96664,193811.0,2.00499669,207132.0,209092.0
899,Uttar Pradesh,rae bareli,2004,kharif,Rice,136369,279701.0,2.051059992,274443.0,223545.0
900,Uttar Pradesh,rae bareli,2005,kharif,Rice,136732,281121.0,2.056000059,279701.0,274443.0
901,Uttar Pradesh,rae bareli,2006,kharif,Rice,136669,248738.0,1.820003073,281121.0,279701.0
902,Uttar Pradesh,rae bareli,2007,kharif,Rice,135591,287182.0,2.118001932,248738.0,281121.0
903,Uttar Pradesh,rae bareli,2008,kharif,Rice,142503,318922.0,2.238002007,287182.0,248738.0
904,Uttar Pradesh,rae bareli,2009,kharif,Rice,123177,269388.0,2.186999196,318922.0,287182.0
905,Uttar Pradesh,rae bareli,2010,kharif,Rice,80776,172941.0,2.14099485,269388.0,318922.0
908,Uttar Pradesh,rampur,2004,kharif,Rice,144038,319405.0,2.217505103,290515.0,301776.0
909,Uttar Pradesh,rampur,2005,kharif,Rice,129443,257333.0,1.988002441,319405.0,290515.0
910,Uttar Pradesh,rampur,2006,kharif,Rice,144038,303776.0,2.108999014,257333.0,319405.0
911,Uttar Pradesh,rampur,2007,kharif,Rice,134046,301335.0,2.247996956,303776.0,257333.0
912,Uttar Pradesh,rampur,2008,kharif,Rice,139590,274294.0,1.964997493,301335.0,303776.0
913,Uttar Pradesh,rampur,2009,kharif,Rice,116154,260766.0,2.245002325,274294.0,301335.0
914,Uttar Pradesh,rampur,2010,kharif,Rice,140906,267580.0,1.898996494,260766.0,274294.0
917,Uttar Pradesh,saharanpur,2004,kharif,Rice,59988,134030.0,2.234280189,119053.0,134817.0
918,Uttar Pradesh,saharanpur,2005,kharif,Rice,50264,115205.0,2.291998249,134030.0,119053.0
919,Uttar Pradesh,saharanpur,2006,kharif,Rice,56475,127803.0,2.263001328,115205.0,134030.0
920,Uttar Pradesh,saharanpur,2007,kharif,Rice,49206,112879.0,2.294008861,127803.0,115205.0
921,Uttar Pradesh,saharanpur,2008,kharif,Rice,47858,106580.0,2.227004889,112879.0,127803.0
922,Uttar Pradesh,saharanpur,2009,kharif,Rice,51884,118140.0,2.277002544,106580.0,112879.0
923,Uttar Pradesh,saharanpur,2010,kharif,Rice,54830,120023.0,2.189002371,118140.0,106580.0
926,Uttar Pradesh,shahjahanpur,2004,kharif,Rice,204915,483179.0,2.357948418,421045.0,293162.0
927,Uttar Pradesh,shahjahanpur,2005,kharif,Rice,191956,408482.0,2.127998083,483179.0,421045.0
928,Uttar Pradesh,shahjahanpur,2006,kharif,Rice,204915,459829.0,2.243998731,408482.0,483179.0
929,Uttar Pradesh,shahjahanpur,2007,kharif,Rice,183655,442792.0,2.410998884,459829.0,408482.0
930,Uttar Pradesh,shahjahanpur,2008,kharif,Rice,217806,490281.0,2.250998595,442792.0,459829.0
931,Uttar Pradesh,shahjahanpur,2009,kharif,Rice,162992,425246.0,2.608999215,490281.0,442792.0
932,Uttar Pradesh,shahjahanpur,2010,kharif,Rice,211075,430171.0,2.038000711,425246.0,490281.0
935,Uttar Pradesh,sitapur,2004,kharif,Rice,158642,241358.0,1.521400386,262915.0,188830.0
936,Uttar Pradesh,sitapur,2005,kharif,Rice,133490,221860.0,1.661997153,241358.0,262915.0
937,Uttar Pradesh,sitapur,2006,kharif,Rice,158642,257317.0,1.621997958,221860.0,241358.0
938,Uttar Pradesh,sitapur,2007,kharif,Rice,149280,260494.0,1.74500268,257317.0,221860.0
939,Uttar Pradesh,sitapur,2008,kharif,Rice,148440,257098.0,1.731999461,260494.0,257317.0
940,Uttar Pradesh,sitapur,2009,kharif,Rice,148649,275595.0,1.853998345,257098.0,260494.0
941,Uttar Pradesh,sitapur,2010,kharif,Rice,156947,310441.0,1.977998942,275595.0,257098.0
944,Uttar Pradesh,sonbhadra,2004,kharif,Rice,68909,34420.0,0.49949934,182495.0,113616.0
945,Uttar Pradesh,sonbhadra,2005,kharif,Rice,82683,83841.0,1.014005297,34420.0,182495.0
946,Uttar Pradesh,sonbhadra,2006,kharif,Rice,82060,120218.0,1.465001219,83841.0,34420.0
947,Uttar Pradesh,sonbhadra,2007,kharif,Rice,30582,31408.0,1.027009352,120218.0,83841.0
948,Uttar Pradesh,sonbhadra,2008,kharif,Rice,27301,37703.0,1.381011685,31408.0,120218.0
949,Uttar Pradesh,sonbhadra,2009,kharif,Rice,17327,21399.0,1.235008946,37703.0,31408.0
950,Uttar Pradesh,sonbhadra,2010,kharif,Rice,27442,42014.0,1.531010859,21399.0,37703.0
953,Uttar Pradesh,sultanpur,2004,kharif,Rice,155041,315565.0,2.035364839,358923.0,263269.0
954,Uttar Pradesh,sultanpur,2005,kharif,Rice,156578,333041.0,2.126997407,315565.0,358923.0
955,Uttar Pradesh,sultanpur,2006,kharif,Rice,157713,281833.0,1.786999169,333041.0,315565.0
956,Uttar Pradesh,sultanpur,2007,kharif,Rice,156243,320923.0,2.053999219,281833.0,333041.0
957,Uttar Pradesh,sultanpur,2008,kharif,Rice,173487,380110.0,2.190999902,320923.0,281833.0
958,Uttar Pradesh,sultanpur,2009,kharif,Rice,133285,303223.0,2.274997186,380110.0,320923.0
959,Uttar Pradesh,sultanpur,2010,kharif,Rice,90048,216836.0,2.40800462,303223.0,380110.0
962,Uttar Pradesh,unnao,2004,kharif,Rice,94154,164546.0,1.747626229,169705.0,84666.0
963,Uttar Pradesh,unnao,2005,kharif,Rice,87407,150078.0,1.717002071,164546.0,169705.0
964,Uttar Pradesh,unnao,2006,kharif,Rice,89698,129883.0,1.4480033,150078.0,164546.0
965,Uttar Pradesh,unnao,2007,kharif,Rice,90658,171525.0,1.892000706,129883.0,150078.0
966,Uttar Pradesh,unnao,2008,kharif,Rice,91689,193922.0,2.114997437,171525.0,129883.0
967,Uttar Pradesh,unnao,2009,kharif,Rice,56056,100452.0,1.791993721,193922.0,171525.0
968,Uttar Pradesh,unnao,2010,kharif,Rice,81000,138186.0,1.706,100452.0,193922.0
971,Uttar Pradesh,varanasi,2004,kharif,Rice,48948,28319.0,0.57855275,133775.0,89166.0
972,Uttar Pradesh,varanasi,2005,kharif,Rice,47369,72048.0,1.520994743,28319.0,133775.0
973,Uttar Pradesh,varanasi,2006,kharif,Rice,60959,95645.0,1.569005397,72048.0,28319.0
974,Uttar Pradesh,varanasi,2007,kharif,Rice,50910,86343.0,1.695992929,95645.0,72048.0
975,Uttar Pradesh,varanasi,2008,kharif,Rice,51740,111034.0,2.145999227,86343.0,95645.0
976,Uttar Pradesh,varanasi,2009,kharif,Rice,39295,58274.0,1.482987657,111034.0,86343.0
977,Uttar Pradesh,varanasi,2010,kharif,Rice,42021,84882.0,2.019990005,58274.0,111034.0
980,Uttarakhand,almora,2004,kharif,Rice,21444,21008.0,0.979667972,20615.0,15941.0
981,Uttarakhand,almora,2005,kharif,Rice,21212,22000.0,1.037148784,21008.0,20615.0
982,Uttarakhand,almora,2006,kharif,Rice,23031,28882.0,1.254048891,22000.0,21008.0
983,Uttarakhand,almora,2007,kharif,Rice,22299,25409.0,1.139468138,28882.0,22000.0
984,Uttarakhand,almora,2008,kharif,Rice,20493,20160.0,0.983750549,25409.0,28882.0
985,Uttarakhand,almora,2009,kharif,Rice,21069,20655.0,0.980350278,20160.0,25409.0
986,Uttarakhand,almora,2010,kharif,Rice,19294,19886.0,1.030683114,20655.0,20160.0
989,Uttarakhand,bageshwar,2004,kharif,Rice,12481,16619.0,1.331543947,18981.0,13177.0
990,Uttarakhand,bageshwar,2005,kharif,Rice,15699,22304.0,1.420727435,16619.0,18981.0
991,Uttarakhand,bageshwar,2006,kharif,Rice,13759,16922.0,1.229885893,22304.0,16619.0
992,Uttarakhand,bageshwar,2007,kharif,Rice,12781,16239.0,1.270557859,16922.0,22304.0
993,Uttarakhand,bageshwar,2008,kharif,Rice,14862,20439.0,1.375252321,16239.0,16922.0
994,Uttarakhand,bageshwar,2009,kharif,Rice,12629,16972.0,1.343891044,20439.0,16239.0
995,Uttarakhand,bageshwar,2010,kharif,Rice,13700,16519.0,1.205766423,16972.0,20439.0
998,Uttarakhand,chamoli,2004,kharif,Rice,12768,16579.0,1.298480576,17611.0,12945.0
999,Uttarakhand,chamoli,2005,kharif,Rice,10219,14658.0,1.434386926,16579.0,17611.0
1000,Uttarakhand,chamoli,2006,kharif,Rice,12317,16421.0,1.333198019,14658.0,16579.0
1001,Uttarakhand,chamoli,2007,kharif,Rice,11905,17754.0,1.491306174,16421.0,14658.0
1002,Uttarakhand,chamoli,2008,kharif,Rice,11714,15380.0,1.312958853,17754.0,16421.0
1003,Uttarakhand,chamoli,2009,kharif,Rice,11673,13813.0,1.18332905,15380.0,17754.0
1004,Uttarakhand,chamoli,2010,kharif,Rice,12407,17532.0,1.413073265,13813.0,15380.0
1007,Uttarakhand,champawat,2004,kharif,Rice,9861,12201.0,1.237298448,11134.0,10526.0
1008,Uttarakhand,champawat,2005,kharif,Rice,9395,11923.0,1.269079297,12201.0,11134.0
1009,Uttarakhand,champawat,2006,kharif,Rice,10109,12137.0,1.200613315,11923.0,12201.0
1010,Uttarakhand,champawat,2007,kharif,Rice,6948,9490.0,1.365860679,12137.0,11923.0
1011,Uttarakhand,champawat,2008,kharif,Rice,10060,9498.0,0.944135189,9490.0,12137.0
1012,Uttarakhand,champawat,2009,kharif,Rice,6848,8222.0,1.200642523,9498.0,9490.0
1013,Uttarakhand,champawat,2010,kharif,Rice,7216,7455.0,1.033120843,8222.0,9498.0
1016,Uttarakhand,dehradun,2004,kharif,Rice,12317,23415.0,1.901031095,27981.0,25244.0
1017,Uttarakhand,dehradun,2005,kharif,Rice,12344,25667.0,2.079309786,23415.0,27981.0
1018,Uttarakhand,dehradun,2006,kharif,Rice,12091,24734.0,2.045653792,25667.0,23415.0
1019,Uttarakhand,dehradun,2007,kharif,Rice,11795,25112.0,2.129037728,24734.0,25667.0
1020,Uttarakhand,dehradun,2008,kharif,Rice,11428,23706.0,2.074378719,25112.0,24734.0
1021,Uttarakhand,dehradun,2009,kharif,Rice,11168,21268.0,1.904369628,23706.0,25112.0
1022,Uttarakhand,dehradun,2010,kharif,Rice,11193,21827.0,1.950058072,21268.0,23706.0
1025,Uttarakhand,haridwar,2004,kharif,Rice,19891,45130.0,2.268865316,38260.0,34127.0
1026,Uttarakhand,haridwar,2005,kharif,Rice,17137,31462.0,1.835910603,45130.0,38260.0
1027,Uttarakhand,haridwar,2006,kharif,Rice,12611,24586.0,1.949567838,31462.0,45130.0
1028,Uttarakhand,haridwar,2007,kharif,Rice,10953,24659.0,2.251346663,24586.0,31462.0
1029,Uttarakhand,haridwar,2008,kharif,Rice,17140,37098.0,2.164410735,24659.0,24586.0
1030,Uttarakhand,haridwar,2009,kharif,Rice,19245,42373.0,2.201766693,37098.0,24659.0
1031,Uttarakhand,haridwar,2010,kharif,Rice,18237,29285.0,1.605801393,42373.0,37098.0
1034,Uttarakhand,nainital,2004,kharif,Rice,12032,29665.0,2.465508644,30665.0,28567.0
1035,Uttarakhand,nainital,2005,kharif,Rice,12251,32381.0,2.643131173,29665.0,30665.0
1036,Uttarakhand,nainital,2006,kharif,Rice,11584,29414.0,2.539191989,32381.0,29665.0
1037,Uttarakhand,nainital,2007,kharif,Rice,12778,32173.0,2.517843168,29414.0,32381.0
1038,Uttarakhand,nainital,2008,kharif,Rice,13320,29248.0,2.195795796,32173.0,29414.0
1039,Uttarakhand,nainital,2009,kharif,Rice,13190,38931.0,2.951554208,29248.0,32173.0
1040,Uttarakhand,nainital,2010,kharif,Rice,12543,29300.0,2.335964283,38931.0,29248.0
1043,Uttarakhand,pauri garhwal,2004,kharif,Rice,21854,25259.0,1.155806717,26596.0,17844.0
1044,Uttarakhand,pauri garhwal,2005,kharif,Rice,22335,22878.0,1.024311619,25259.0,26596.0
1045,Uttarakhand,pauri garhwal,2006,kharif,Rice,23476,24496.0,1.043448628,22878.0,25259.0
1046,Uttarakhand,pauri garhwal,2007,kharif,Rice,21179,20499.0,0.967892724,24496.0,22878.0
1047,Uttarakhand,pauri garhwal,2008,kharif,Rice,19373,20652.0,1.066019718,20499.0,24496.0
1048,Uttarakhand,pauri garhwal,2009,kharif,Rice,18829,20304.0,1.078336608,20652.0,20499.0
1049,Uttarakhand,pauri garhwal,2010,kharif,Rice,17180,18646.0,1.085331781,20304.0,20652.0
1052,Uttarakhand,pithoragarh,2004,kharif,Rice,25060,32672.0,1.303750998,25879.0,29266.0
1053,Uttarakhand,pithoragarh,2005,kharif,Rice,22696,28472.0,1.254494184,32672.0,25879.0
1054,Uttarakhand,pithoragarh,2006,kharif,Rice,21000,27134.0,1.292095238,28472.0,32672.0
1055,Uttarakhand,pithoragarh,2007,kharif,Rice,21247,28915.0,1.360898009,27134.0,28472.0
1056,Uttarakhand,pithoragarh,2008,kharif,Rice,20875,29805.0,1.427784431,28915.0,27134.0
1057,Uttarakhand,pithoragarh,2009,kharif,Rice,21239,27527.0,1.296059136,29805.0,28915.0
1058,Uttarakhand,pithoragarh,2010,kharif,Rice,22525,28454.0,1.263218646,27527.0,29805.0
1061,Uttarakhand,rudra prayag,2004,kharif,Rice,8799,11669.0,1.326173429,12151.0,11012.0
1062,Uttarakhand,rudra prayag,2005,kharif,Rice,8016,10720.0,1.337325349,11669.0,12151.0
1063,Uttarakhand,rudra prayag,2006,kharif,Rice,8876,13713.0,1.544952681,10720.0,11669.0
1064,Uttarakhand,rudra prayag,2007,kharif,Rice,9614,15150.0,1.575826919,13713.0,10720.0
1065,Uttarakhand,rudra prayag,2008,kharif,Rice,9719,16340.0,1.681242926,15150.0,13713.0
1066,Uttarakhand,rudra prayag,2009,kharif,Rice,7940,11077.0,1.395088161,16340.0,15150.0
1067,Uttarakhand,rudra prayag,2010,kharif,Rice,9726,14897.0,1.531667695,11077.0,16340.0
1070,Uttarakhand,tehri garhwal,2004,kharif,Rice,13909,19229.0,1.38248616,19395.0,15232.0
1071,Uttarakhand,tehri garhwal,2005,kharif,Rice,12164,17668.0,1.452482736,19229.0,19395.0
1072,Uttarakhand,tehri garhwal,2006,kharif,Rice,12573,19964.0,1.587846974,17668.0,19229.0
1073,Uttarakhand,tehri garhwal,2007,kharif,Rice,12991,20457.0,1.574705565,19964.0,17668.0
1074,Uttarakhand,tehri garhwal,2008,kharif,Rice,13844,22795.0,1.646561687,20457.0,19964.0
1075,Uttarakhand,tehri garhwal,2009,kharif,Rice,11129,13318.0,1.196693324,22795.0,20457.0
1076,Uttarakhand,tehri garhwal,2010,kharif,Rice,11396,16656.0,1.461565462,13318.0,22795.0
1079,Uttarakhand,udam singh nagar,2004,kharif,Rice,100560,270220.0,2.687151949,254699.0,288037.0
1080,Uttarakhand,udam singh nagar,2005,kharif,Rice,101780,269787.0,2.650687758,270220.0,254699.0
1081,Uttarakhand,udam singh nagar,2006,kharif,Rice,100822,283757.0,2.814435341,269787.0,270220.0
1082,Uttarakhand,udam singh nagar,2007,kharif,Rice,94447,268565.0,2.843552469,283757.0,269787.0
1083,Uttarakhand,udam singh nagar,2008,kharif,Rice,102098,265223.0,2.597729632,268565.0,283757.0
1084,Uttarakhand,udam singh nagar,2009,kharif,Rice,105297,303122.0,2.878733487,265223.0,268565.0
1085,Uttarakhand,udam singh nagar,2010,kharif,Rice,104602,257494.0,2.461654653,303122.0,265223.0
1088,Uttarakhand,uttar kashi,2004,kharif,Rice,10488,14210.0,1.35488177,16864.0,9608.0
1089,Uttarakhand,uttar kashi,2005,kharif,Rice,10211,16600.0,1.625697777,14210.0,16864.0
1090,Uttarakhand,uttar kashi,2006,kharif,Rice,11413,17968.0,1.574345045,16600.0,14210.0
1091,Uttarakhand,uttar kashi,2007,kharif,Rice,10868,18781.0,1.728100847,17968.0,16600.0
1092,Uttarakhand,uttar kashi,2008,kharif,Rice,10785,18180.0,1.685674548,18781.0,17968.0
1093,Uttarakhand,uttar kashi,2009,kharif,Rice,10352,14134.0,1.365340031,18180.0,18781.0
1094,Uttarakhand,uttar kashi,2010,kharif,Rice,10397,17132.0,1.647783014,14134.0,18180.0
